{
  "label": "baseline_full",
  "system_prompt": "Escribe un ensayo académico breve en español sobre el tema indicado.",
  "n_topics": 558,
  "mean_logit": 6.981734629173006,
  "reward": -6.981734629173006,
  "logits": [
    7.453003406524658,
    8.8208646774292,
    8.884016990661621,
    7.296145915985107,
    7.450142860412598,
    6.612545967102051,
    8.045381546020508,
    6.6554951667785645,
    6.854455947875977,
    7.573116302490234,
    6.2900166511535645,
    8.213353157043457,
    5.1768479347229,
    7.2850799560546875,
    7.700122356414795,
    4.525081634521484,
    4.258021354675293,
    7.656418800354004,
    4.626307010650635,
    8.149696350097656,
    8.076294898986816,
    5.486721038818359,
    8.4323091506958,
    7.2474164962768555,
    8.353854179382324,
    5.829227447509766,
    7.165691375732422,
    8.002894401550293,
    8.855127334594727,
    2.333327054977417,
    7.641866683959961,
    9.374988555908203,
    8.33757495880127,
    7.903618812561035,
    8.87424087524414,
    8.70281982421875,
    5.400936126708984,
    5.637294292449951,
    8.113424301147461,
    7.058831214904785,
    8.076065063476562,
    2.724858045578003,
    7.5212788581848145,
    6.838584899902344,
    2.875978708267212,
    7.4101996421813965,
    8.808249473571777,
    3.528981924057007,
    6.915230751037598,
    6.976531982421875,
    6.8534321784973145,
    6.003729820251465,
    6.70370626449585,
    4.057581424713135,
    8.122655868530273,
    6.30568790435791,
    7.201196193695068,
    6.067507743835449,
    5.157501697540283,
    4.378315448760986,
    7.885806560516357,
    8.220341682434082,
    5.082950592041016,
    6.603855133056641,
    6.835940837860107,
    8.442770957946777,
    8.03597640991211,
    4.928972244262695,
    7.9430060386657715,
    7.027098655700684,
    7.21858549118042,
    6.550763130187988,
    7.723438262939453,
    7.905263423919678,
    5.8427534103393555,
    7.770796775817871,
    7.262516498565674,
    8.789111137390137,
    6.880655288696289,
    7.2010369300842285,
    8.277669906616211,
    8.068598747253418,
    8.50969123840332,
    8.88554573059082,
    7.05663537979126,
    6.646557807922363,
    7.5346574783325195,
    6.804947376251221,
    7.836167335510254,
    7.381539821624756,
    7.17437219619751,
    6.7307024002075195,
    8.684077262878418,
    8.110818862915039,
    6.243592262268066,
    6.310298919677734,
    6.538642883300781,
    7.353257656097412,
    6.92973518371582,
    6.741182327270508,
    7.409909725189209,
    6.0976362228393555,
    7.1536455154418945,
    8.868141174316406,
    7.184505462646484,
    7.038128852844238,
    6.177552223205566,
    -0.2414799928665161,
    7.2659125328063965,
    4.223079681396484,
    5.671422481536865,
    4.460329532623291,
    7.000722885131836,
    6.246859550476074,
    4.973858833312988,
    5.337762355804443,
    3.807029962539673,
    5.8746442794799805,
    4.431473255157471,
    5.414863586425781,
    7.000194549560547,
    7.530984878540039,
    7.718196868896484,
    6.689301013946533,
    8.869086265563965,
    7.751352787017822,
    3.590757131576538,
    4.905040740966797,
    8.974361419677734,
    6.127316474914551,
    6.8200907707214355,
    8.182884216308594,
    6.274334907531738,
    4.635467052459717,
    8.659307479858398,
    6.67385196685791,
    8.934823989868164,
    6.6473917961120605,
    4.408164024353027,
    8.044601440429688,
    6.682925224304199,
    7.528594493865967,
    7.00178337097168,
    8.151298522949219,
    6.659512519836426,
    6.971885681152344,
    8.193620681762695,
    7.731549263000488,
    5.5100226402282715,
    1.0341312885284424,
    7.4301581382751465,
    6.267886638641357,
    7.1816792488098145,
    8.070192337036133,
    3.7942395210266113,
    4.543850898742676,
    8.511249542236328,
    3.8273799419403076,
    6.768517971038818,
    7.887334823608398,
    8.219938278198242,
    8.28244400024414,
    6.126676559448242,
    7.99726676940918,
    6.488941669464111,
    6.024346351623535,
    8.140176773071289,
    8.304555892944336,
    8.285735130310059,
    6.960059642791748,
    5.0767130851745605,
    7.160872459411621,
    8.406326293945312,
    6.070228576660156,
    3.2500438690185547,
    9.130250930786133,
    6.881056785583496,
    6.437229633331299,
    8.242087364196777,
    0.8994807004928589,
    7.648964881896973,
    6.461112022399902,
    8.104745864868164,
    7.665523052215576,
    6.584744930267334,
    6.66110897064209,
    5.80385684967041,
    7.350064754486084,
    6.055639266967773,
    8.359746932983398,
    4.797880172729492,
    7.305994987487793,
    9.297359466552734,
    6.107608318328857,
    7.11696195602417,
    6.905698299407959,
    7.719455718994141,
    6.955646991729736,
    8.03665542602539,
    7.290079116821289,
    6.1224284172058105,
    4.108386993408203,
    7.171964645385742,
    7.710721969604492,
    7.589871406555176,
    7.542058944702148,
    4.506354808807373,
    2.7864272594451904,
    8.355722427368164,
    7.541592121124268,
    7.088648796081543,
    7.219012260437012,
    8.450691223144531,
    8.742382049560547,
    5.03152322769165,
    8.346481323242188,
    9.131881713867188,
    3.303105592727661,
    7.887868881225586,
    7.183112621307373,
    8.904033660888672,
    5.565794467926025,
    5.308414936065674,
    5.620562553405762,
    8.290207862854004,
    7.775322914123535,
    5.530450344085693,
    7.1657209396362305,
    7.822568893432617,
    8.434125900268555,
    6.701757431030273,
    8.746162414550781,
    1.3806440830230713,
    7.291904926300049,
    8.212713241577148,
    0.6829818487167358,
    4.619411468505859,
    7.321585655212402,
    7.919229030609131,
    5.502417087554932,
    7.803812026977539,
    6.661252975463867,
    6.869346618652344,
    5.403424263000488,
    6.963240146636963,
    6.68801212310791,
    7.951859951019287,
    8.382140159606934,
    7.809233665466309,
    7.243448734283447,
    7.410472869873047,
    4.304642200469971,
    8.375012397766113,
    4.542837142944336,
    8.904263496398926,
    6.074652671813965,
    5.814754486083984,
    6.458498001098633,
    8.106980323791504,
    5.024341106414795,
    7.436951637268066,
    8.46428394317627,
    7.663107872009277,
    7.5487165451049805,
    7.320307731628418,
    7.746798992156982,
    6.75618314743042,
    7.596973896026611,
    6.335846900939941,
    5.593801498413086,
    4.26344108581543,
    7.296599864959717,
    6.551576614379883,
    7.2874274253845215,
    7.356686592102051,
    7.7633843421936035,
    8.288797378540039,
    8.364496231079102,
    2.917017698287964,
    8.003873825073242,
    5.2868170738220215,
    8.34672737121582,
    3.126887083053589,
    6.238570213317871,
    5.658865928649902,
    8.025962829589844,
    6.614856719970703,
    6.459251403808594,
    7.308372497558594,
    9.318717956542969,
    5.630100250244141,
    8.031436920166016,
    4.114250659942627,
    9.000296592712402,
    7.428530693054199,
    8.404915809631348,
    7.375851631164551,
    8.5820951461792,
    8.237654685974121,
    5.551670074462891,
    7.474638938903809,
    7.632405757904053,
    6.155024528503418,
    6.186317443847656,
    6.907145977020264,
    8.427594184875488,
    6.346816062927246,
    8.438522338867188,
    8.760128021240234,
    1.21837317943573,
    8.805919647216797,
    7.7083258628845215,
    7.099279403686523,
    7.79941987991333,
    7.398943901062012,
    8.090508460998535,
    4.970279216766357,
    7.2213029861450195,
    8.904420852661133,
    7.7542266845703125,
    5.9186859130859375,
    7.959776401519775,
    7.648446083068848,
    6.137109279632568,
    5.715811729431152,
    6.889854431152344,
    7.097407817840576,
    8.151906967163086,
    5.755090713500977,
    8.698997497558594,
    4.870908737182617,
    6.696077346801758,
    7.516129016876221,
    9.041492462158203,
    7.82979679107666,
    6.275787353515625,
    6.954955101013184,
    7.939043998718262,
