{
  "mean_logit": 6.981734629173006,
  "reward": -6.981734629173006,
  "frac_pred_human": 0.0017921146953405018,
  "frac_pred_ai": 0.9982078853046595
}