baseline_mean,baseline_std,final_mean,final_std,delta_mean
6.981734629173006,1.5191487823330236,6.915549344807116,1.6169866145628384,-0.06618528436588988
