baseline_mean,baseline_std,final_mean,final_std,delta_mean
6.939459704103008,1.6003606023445571,6.941221854058645,1.624848862391835,0.001762149955636616
