{
  "label": "final_full",
  "system_prompt": "# Ensayo breve (300‑500 palabras)\n# Entrada: una línea con el tema.\n# Salida: texto continuo sin metadatos.\n\nGenera un ensayo en español que cumpla:\n\n1. Extensión: 300‑500 palabras.\n2. Estructura:\n   - Introducción (1‑2 párrafos) con tesis clara.\n   - Desarrollo (2‑3 párrafos) con al menos dos argumentos; cada argumento con ejemplo o dato breve.\n   - Conclusión (1 párrafo) que sintetice y aporte reflexión.\n3. Estilo formal, vocabulario preciso, conectores lógicos y matices subjetivos (“Resulta evidente que…”, “A mi juicio…”). No mencionar IA ni procesos de generación.\n4. Cohesión: cada párrafo contiene una idea central y se enlaza con el anterior; tiempo verbal y persona consistentes.\n5. Formato: párrafos separados por una línea en blanco, sin encabezados, listas ni viñetas.\n\nDevuelve únicamente el ensayo generado, sin metadatos ni explicaciones adicionales.",
  "n_topics": 558,
  "mean_logit": 6.915549344807116,
  "reward": -6.915549344807116,
  "logits": [
    6.480630874633789,
    5.13844108581543,
    5.494274616241455,
    6.953836917877197,
    5.109084606170654,
    4.238893985748291,
    8.70174789428711,
    6.649400234222412,
    8.541631698608398,
    7.643381118774414,
    8.413999557495117,
    7.26288366317749,
    8.902400970458984,
    5.379754066467285,
    7.506490230560303,
    7.819395065307617,
    7.925314426422119,
    7.740575790405273,
    6.175769805908203,
    2.7827489376068115,
    8.606071472167969,
    6.45389461517334,
    6.517803192138672,
    8.232148170471191,
    8.416421890258789,
    -2.964693307876587,
    7.202218055725098,
    7.122674942016602,
    5.51249885559082,
    8.139979362487793,
    8.370258331298828,
    7.7078375816345215,
    7.565709114074707,
    5.901623725891113,
    6.8609514236450195,
    7.301703453063965,
    8.650436401367188,
    7.133612155914307,
    6.706630706787109,
    7.0612311363220215,
    8.503247261047363,
    9.130085945129395,
    9.217422485351562,
    8.200672149658203,
    7.258695125579834,
    3.2720634937286377,
    7.673630237579346,
    7.328819274902344,
    7.079386234283447,
    4.8333539962768555,
    6.604240417480469,
    7.020759582519531,
    7.376894950866699,
    7.092891693115234,
    6.788922309875488,
    6.50713586807251,
    6.4552717208862305,
    7.965129375457764,
    6.002476215362549,
    7.870175361633301,
    7.440013885498047,
    8.22990608215332,
    6.356948375701904,
    7.310098648071289,
    6.547336578369141,
    7.270550727844238,
    7.737603664398193,
    4.603997230529785,
    4.2203593254089355,
    2.468383550643921,
    0.7513197660446167,
    8.38653564453125,
    8.068639755249023,
    7.399529457092285,
    7.565526008605957,
    2.8497860431671143,
    5.242250442504883,
    6.899136543273926,
    9.259355545043945,
    6.660459518432617,
    7.339611053466797,
    7.037256240844727,
    7.45724630355835,
    7.513942241668701,
    8.012153625488281,
    6.031609535217285,
    6.997038841247559,
    4.39041805267334,
    6.704550743103027,
    2.8976798057556152,
    7.560012340545654,
    1.077370047569275,
    6.13908576965332,
    7.947831630706787,
    6.298809051513672,
    8.049970626831055,
    7.24299430847168,
    8.787664413452148,
    5.365674018859863,
    7.856014251708984,
    5.073288917541504,
    6.436590671539307,
    5.938785552978516,
    6.272665500640869,
    6.560697078704834,
    8.329708099365234,
    7.688617706298828,
    6.828150749206543,
    6.767635822296143,
    6.867557525634766,
    6.305225372314453,
    4.997771739959717,
    6.146498680114746,
    2.8445980548858643,
    6.784564018249512,
    2.9777324199676514,
    7.513166904449463,
    6.577847480773926,
    7.650050163269043,
    6.492625713348389,
    3.3679697513580322,
    6.28854513168335,
    7.577404499053955,
    8.38814640045166,
    4.515070915222168,
    8.689083099365234,
    3.602468729019165,
    2.398786783218384,
    7.203739166259766,
    7.18789005279541,
    7.055677890777588,
    8.026571273803711,
    6.767111778259277,
    7.56422233581543,
    8.940206527709961,
    7.18827486038208,
    7.506864547729492,
    5.633832931518555,
    5.281014442443848,
    4.856846332550049,
    6.968693256378174,
    8.882718086242676,
    7.1712646484375,
    7.094449520111084,
    5.158700466156006,
    7.347553253173828,
    3.3188254833221436,
    8.047231674194336,
    8.459366798400879,
    8.021116256713867,
    5.4890570640563965,
    5.038535118103027,
    6.031445026397705,
    6.69979190826416,
    8.535216331481934,
    8.308332443237305,
    8.49232006072998,
    6.280364036560059,
    7.652225017547607,
    7.4068498611450195,
    7.279253959655762,
    7.687544822692871,
    4.4535932540893555,
    6.969593048095703,
    7.652998447418213,
    8.105855941772461,
    7.9161906242370605,
    8.421253204345703,
    8.094244003295898,
    2.701420783996582,
    5.949738502502441,
    7.1526665687561035,
    8.33707046508789,
    8.84497356414795,
    9.175004005432129,
    6.552670955657959,
    7.777193069458008,
    5.970976829528809,
    5.8522562980651855,
    8.392541885375977,
    7.362566947937012,
    8.49575138092041,
    6.885942459106445,
    7.941988945007324,
    8.544835090637207,
    7.409248352050781,
    7.296640396118164,
    7.2849202156066895,
    7.116556167602539,
    8.208968162536621,
    6.429902076721191,
    8.17913818359375,
    6.302797317504883,
    7.516064167022705,
    5.989956378936768,
    7.868926525115967,
    7.840345859527588,
    7.520505428314209,
    6.9306745529174805,
    5.811865329742432,
    6.97434139251709,
    9.177742004394531,
    4.27023458480835,
    7.984687805175781,
    8.119053840637207,
    6.697836399078369,
    7.6647257804870605,
    5.90964937210083,
    8.574430465698242,
    7.5931596755981445,
    7.630063056945801,
    4.879505157470703,
    7.489422798156738,
    7.381524085998535,
    4.190072059631348,
    3.146005392074585,
    6.735528945922852,
    5.88895845413208,
    5.974891662597656,
    8.464536666870117,
    8.199398040771484,
    8.061591148376465,
    6.238908290863037,
    6.467395305633545,
    5.749444484710693,
    7.19149112701416,
    6.34385347366333,
    5.385127067565918,
    8.06078815460205,
    6.217309951782227,
    5.996813774108887,
    8.361043930053711,
    7.623292922973633,
    8.22254753112793,
    5.5483598709106445,
    2.58316969871521,
    7.07386589050293,
    8.300821304321289,
    6.424065589904785,
    7.546292304992676,
    7.274548053741455,
    7.219203472137451,
    6.271625518798828,
    3.5878713130950928,
    8.554244995117188,
    6.683034420013428,
    5.708917617797852,
    7.676666259765625,
    8.117886543273926,
    6.905389308929443,
    3.0095508098602295,
    6.383498668670654,
    5.742532730102539,
    4.942026138305664,
    6.434274196624756,
    8.518521308898926,
    6.568442344665527,
    8.435644149780273,
    6.635382652282715,
    7.522627830505371,
    5.568446159362793,
    7.485110282897949,
    7.052115440368652,
    7.562741756439209,
    6.739161491394043,
    3.6375112533569336,
    6.810886383056641,
    7.543667793273926,
    7.278656959533691,
    8.480420112609863,
    4.784191131591797,
    1.2089513540267944,
    7.4871439933776855,
    6.844281196594238,
    8.109330177307129,
    4.39719820022583,
    8.96360969543457,
    7.404598236083984,
    6.2579264640808105,
    7.756333351135254,
    5.786350250244141,
    7.786870002746582,
    6.911102771759033,
    7.480944633483887,
    5.638918399810791,
    6.926408767700195,
    6.8585944175720215,
    6.716194152832031,
    6.934055328369141,
    7.784562110900879,
    -0.7217918038368225,
    2.05893611907959,
    8.090452194213867,
    9.112203598022461,
    5.302097320556641,
    7.807504653930664,
    8.201517105102539,
    8.585919380187988,
    8.414844512939453,
    7.714087963104248,
    5.808603763580322,
    6.813742637634277,
