{
  "mean_logit": 6.915549344807116,
  "reward": -6.915549344807116,
  "frac_pred_human": 0.005376344086021506,
  "frac_pred_ai": 0.9946236559139785
}